Receptor	Ligand	Binding Energy (REU)	Interface Contacts	Receptor Interface Residues	Ligand Interface Residues	Status	Timestamp
ompT_cleaned	llama3_ompT_binder_100_unrelaxed_rank_001_alphafold2_ptm_model_3_seed_000	2222.18	91	31	11	Success	2025-04-09 02:13:56
ompT_cleaned	llama3_ompT_binder_100_unrelaxed_rank_002_alphafold2_ptm_model_5_seed_000	12857.63	173	46	11	Success	2025-04-09 02:14:23
ompT_cleaned	llama3_ompT_binder_100_unrelaxed_rank_003_alphafold2_ptm_model_4_seed_000	5904.73	148	43	12	Success	2025-04-09 02:14:50
ompT_cleaned	llama3_ompT_binder_100_unrelaxed_rank_004_alphafold2_ptm_model_1_seed_000	576.13	110	37	11	Success	2025-04-09 02:15:16
ompT_cleaned	llama3_ompT_binder_100_unrelaxed_rank_005_alphafold2_ptm_model_2_seed_000	1796.99	81	31	11	Success	2025-04-09 02:15:43
ompT_cleaned	llama3_ompT_binder_10_unrelaxed_rank_001_alphafold2_ptm_model_5_seed_000	7067.09	136	35	12	Success	2025-04-09 02:16:10
ompT_cleaned	llama3_ompT_binder_10_unrelaxed_rank_002_alphafold2_ptm_model_3_seed_000	1797.23	90	29	11	Success	2025-04-09 02:16:37
ompT_cleaned	llama3_ompT_binder_10_unrelaxed_rank_003_alphafold2_ptm_model_4_seed_000	1494.46	119	37	11	Success	2025-04-09 02:17:03
ompT_cleaned	llama3_ompT_binder_10_unrelaxed_rank_004_alphafold2_ptm_model_1_seed_000	527.16	87	26	10	Success	2025-04-09 02:17:29
ompT_cleaned	llama3_ompT_binder_10_unrelaxed_rank_005_alphafold2_ptm_model_2_seed_000	2184.23	102	31	12	Success	2025-04-09 02:17:56
ompT_cleaned	llama3_ompT_binder_11_unrelaxed_rank_001_alphafold2_ptm_model_4_seed_000	10047.41	147	47	9	Success	2025-04-09 02:18:20
ompT_cleaned	llama3_ompT_binder_11_unrelaxed_rank_002_alphafold2_ptm_model_5_seed_000	365.57	72	26	10	Success	2025-04-09 02:18:45
ompT_cleaned	llama3_ompT_binder_11_unrelaxed_rank_003_alphafold2_ptm_model_1_seed_000	188.33	47	22	7	Success	2025-04-09 02:19:09
ompT_cleaned	llama3_ompT_binder_11_unrelaxed_rank_004_alphafold2_ptm_model_2_seed_000	4027.85	96	41	9	Success	2025-04-09 02:19:33
ompT_cleaned	llama3_ompT_binder_11_unrelaxed_rank_005_alphafold2_ptm_model_3_seed_000	5500.55	114	39	10	Success	2025-04-09 02:19:57
ompT_cleaned	llama3_ompT_binder_12_unrelaxed_rank_001_alphafold2_ptm_model_5_seed_000	6930.38	123	38	9	Success	2025-04-09 02:20:22
ompT_cleaned	llama3_ompT_binder_12_unrelaxed_rank_002_alphafold2_ptm_model_3_seed_000	2406.24	106	40	9	Success	2025-04-09 02:20:46
ompT_cleaned	llama3_ompT_binder_12_unrelaxed_rank_003_alphafold2_ptm_model_4_seed_000	1917.24	105	37	10	Success	2025-04-09 02:21:10
ompT_cleaned	llama3_ompT_binder_12_unrelaxed_rank_004_alphafold2_ptm_model_1_seed_000	2469.25	102	33	10	Success	2025-04-09 02:21:34
ompT_cleaned	llama3_ompT_binder_12_unrelaxed_rank_005_alphafold2_ptm_model_2_seed_000	1659.47	76	30	10	Success	2025-04-09 02:21:58
ompT_cleaned	llama3_ompT_binder_13_unrelaxed_rank_001_alphafold2_ptm_model_4_seed_000	4318.51	89	39	8	Success	2025-04-09 02:22:21
ompT_cleaned	llama3_ompT_binder_13_unrelaxed_rank_002_alphafold2_ptm_model_1_seed_000	494.71	68	29	8	Success	2025-04-09 02:22:43
ompT_cleaned	llama3_ompT_binder_13_unrelaxed_rank_003_alphafold2_ptm_model_3_seed_000	1397.78	56	28	8	Success	2025-04-09 02:23:05
ompT_cleaned	llama3_ompT_binder_13_unrelaxed_rank_004_alphafold2_ptm_model_5_seed_000	6351.48	100	41	7	Success	2025-04-09 02:23:27
ompT_cleaned	llama3_ompT_binder_13_unrelaxed_rank_005_alphafold2_ptm_model_2_seed_000	443.12	58	24	7	Success	2025-04-09 02:23:49
ompT_cleaned	llama3_ompT_binder_14_unrelaxed_rank_001_alphafold2_ptm_model_3_seed_000	1328.32	74	26	10	Success	2025-04-09 02:24:13
ompT_cleaned	llama3_ompT_binder_14_unrelaxed_rank_002_alphafold2_ptm_model_5_seed_000	8391.04	140	39	10	Success	2025-04-09 02:24:37
ompT_cleaned	llama3_ompT_binder_14_unrelaxed_rank_003_alphafold2_ptm_model_4_seed_000	2578.80	106	33	9	Success	2025-04-09 02:25:01
ompT_cleaned	llama3_ompT_binder_14_unrelaxed_rank_004_alphafold2_ptm_model_1_seed_000	1135.78	73	32	8	Success	2025-04-09 02:25:25
ompT_cleaned	llama3_ompT_binder_14_unrelaxed_rank_005_alphafold2_ptm_model_2_seed_000	-10.93	72	25	10	Success	2025-04-09 02:25:48
ompT_cleaned	llama3_ompT_binder_15_unrelaxed_rank_001_alphafold2_ptm_model_3_seed_000	2848.14	92	31	9	Success	2025-04-09 02:26:11
ompT_cleaned	llama3_ompT_binder_15_unrelaxed_rank_002_alphafold2_ptm_model_4_seed_000	3701.92	92	32	9	Success	2025-04-09 02:26:34
ompT_cleaned	llama3_ompT_binder_15_unrelaxed_rank_003_alphafold2_ptm_model_5_seed_000	3061.64	85	32	9	Success	2025-04-09 02:26:58
ompT_cleaned	llama3_ompT_binder_15_unrelaxed_rank_004_alphafold2_ptm_model_2_seed_000	1757.70	88	32	10	Success	2025-04-09 02:27:20
ompT_cleaned	llama3_ompT_binder_15_unrelaxed_rank_005_alphafold2_ptm_model_1_seed_000	-13.87	37	19	7	Success	2025-04-09 02:27:44
ompT_cleaned	llama3_ompT_binder_16_unrelaxed_rank_001_alphafold2_ptm_model_4_seed_000	692.50	62	29	7	Success	2025-04-09 02:28:06
ompT_cleaned	llama3_ompT_binder_16_unrelaxed_rank_002_alphafold2_ptm_model_3_seed_000	-6.20	41	20	8	Success	2025-04-09 02:28:29
ompT_cleaned	llama3_ompT_binder_16_unrelaxed_rank_003_alphafold2_ptm_model_5_seed_000	2450.59	64	26	7	Success	2025-04-09 02:28:52
ompT_cleaned	llama3_ompT_binder_16_unrelaxed_rank_004_alphafold2_ptm_model_1_seed_000	4978.40	84	37	7	Success	2025-04-09 02:29:15
ompT_cleaned	llama3_ompT_binder_16_unrelaxed_rank_005_alphafold2_ptm_model_2_seed_000	-14.50	37	16	7	Success	2025-04-09 02:29:37
ompT_cleaned	llama3_ompT_binder_17_unrelaxed_rank_001_alphafold2_ptm_model_4_seed_000	3003.36	109	37	10	Success	2025-04-09 02:30:04
ompT_cleaned	llama3_ompT_binder_17_unrelaxed_rank_002_alphafold2_ptm_model_3_seed_000	1980.40	82	33	9	Success	2025-04-09 02:30:30
ompT_cleaned	llama3_ompT_binder_17_unrelaxed_rank_003_alphafold2_ptm_model_5_seed_000	10599.42	154	49	11	Success	2025-04-09 02:30:56
ompT_cleaned	llama3_ompT_binder_17_unrelaxed_rank_004_alphafold2_ptm_model_1_seed_000	1359.37	90	31	11	Success	2025-04-09 02:31:23
ompT_cleaned	llama3_ompT_binder_17_unrelaxed_rank_005_alphafold2_ptm_model_2_seed_000	1744.14	74	29	10	Success	2025-04-09 02:31:49
ompT_cleaned	llama3_ompT_binder_18_unrelaxed_rank_001_alphafold2_ptm_model_3_seed_000	323.93	52	26	7	Success	2025-04-09 02:32:11
ompT_cleaned	llama3_ompT_binder_18_unrelaxed_rank_002_alphafold2_ptm_model_5_seed_000	3207.92	80	28	8	Success	2025-04-09 02:32:34
ompT_cleaned	llama3_ompT_binder_18_unrelaxed_rank_003_alphafold2_ptm_model_4_seed_000	2005.62	76	32	9	Success	2025-04-09 02:32:56
ompT_cleaned	llama3_ompT_binder_18_unrelaxed_rank_004_alphafold2_ptm_model_1_seed_000	2599.45	72	30	8	Success	2025-04-09 02:33:18
ompT_cleaned	llama3_ompT_binder_18_unrelaxed_rank_005_alphafold2_ptm_model_2_seed_000	572.38	56	18	8	Success	2025-04-09 02:33:40
ompT_cleaned	llama3_ompT_binder_19_unrelaxed_rank_001_alphafold2_ptm_model_3_seed_000	1336.38	84	31	8	Success	2025-04-09 02:34:03
ompT_cleaned	llama3_ompT_binder_19_unrelaxed_rank_002_alphafold2_ptm_model_5_seed_000	2841.79	82	31	9	Success	2025-04-09 02:34:27
ompT_cleaned	llama3_ompT_binder_19_unrelaxed_rank_003_alphafold2_ptm_model_4_seed_000	4930.22	108	44	8	Success	2025-04-09 02:34:51
ompT_cleaned	llama3_ompT_binder_19_unrelaxed_rank_004_alphafold2_ptm_model_1_seed_000	67.94	66	28	9	Success	2025-04-09 02:35:15
ompT_cleaned	llama3_ompT_binder_19_unrelaxed_rank_005_alphafold2_ptm_model_2_seed_000	170.01	45	21	8	Success	2025-04-09 02:35:39
ompT_cleaned	llama3_ompT_binder_1_unrelaxed_rank_001_alphafold2_ptm_model_4_seed_000	4728.65	106	39	9	Success	2025-04-09 02:36:03
ompT_cleaned	llama3_ompT_binder_1_unrelaxed_rank_002_alphafold2_ptm_model_3_seed_000	1540.19	98	38	9	Success	2025-04-09 02:36:27
ompT_cleaned	llama3_ompT_binder_1_unrelaxed_rank_003_alphafold2_ptm_model_5_seed_000	9685.65	127	46	10	Success	2025-04-09 02:36:52
ompT_cleaned	llama3_ompT_binder_1_unrelaxed_rank_004_alphafold2_ptm_model_1_seed_000	2082.35	83	31	9	Success	2025-04-09 02:37:16
ompT_cleaned	llama3_ompT_binder_1_unrelaxed_rank_005_alphafold2_ptm_model_2_seed_000	625.39	73	28	9	Success	2025-04-09 02:37:41
ompT_cleaned	llama3_ompT_binder_20_unrelaxed_rank_001_alphafold2_ptm_model_4_seed_000	724.67	73	30	8	Success	2025-04-09 02:38:04
ompT_cleaned	llama3_ompT_binder_20_unrelaxed_rank_002_alphafold2_ptm_model_5_seed_000	6440.53	115	41	9	Success	2025-04-09 02:38:28
ompT_cleaned	llama3_ompT_binder_20_unrelaxed_rank_003_alphafold2_ptm_model_3_seed_000	2776.29	75	30	9	Success	2025-04-09 02:38:51
ompT_cleaned	llama3_ompT_binder_20_unrelaxed_rank_004_alphafold2_ptm_model_1_seed_000	1462.65	83	30	10	Success	2025-04-09 02:39:14
ompT_cleaned	llama3_ompT_binder_20_unrelaxed_rank_005_alphafold2_ptm_model_2_seed_000	267.47	54	28	9	Success	2025-04-09 02:39:37
ompT_cleaned	llama3_ompT_binder_21_unrelaxed_rank_001_alphafold2_ptm_model_3_seed_000	3447.74	99	36	11	Success	2025-04-09 02:40:02
ompT_cleaned	llama3_ompT_binder_21_unrelaxed_rank_002_alphafold2_ptm_model_5_seed_000	8666.82	145	41	11	Success	2025-04-09 02:40:27
ompT_cleaned	llama3_ompT_binder_21_unrelaxed_rank_003_alphafold2_ptm_model_4_seed_000	5035.01	125	37	10	Success	2025-04-09 02:40:52
ompT_cleaned	llama3_ompT_binder_21_unrelaxed_rank_004_alphafold2_ptm_model_1_seed_000	3474.47	115	36	11	Success	2025-04-09 02:41:18
ompT_cleaned	llama3_ompT_binder_21_unrelaxed_rank_005_alphafold2_ptm_model_2_seed_000	33.05	63	25	10	Success	2025-04-09 02:41:44
ompT_cleaned	llama3_ompT_binder_22_unrelaxed_rank_001_alphafold2_ptm_model_3_seed_000	16092.76	222	51	15	Success	2025-04-09 02:42:14
ompT_cleaned	llama3_ompT_binder_22_unrelaxed_rank_002_alphafold2_ptm_model_2_seed_000	8807.54	163	42	15	Success	2025-04-09 02:42:44
ompT_cleaned	llama3_ompT_binder_22_unrelaxed_rank_003_alphafold2_ptm_model_1_seed_000	13401.68	209	48	16	Success	2025-04-09 02:43:15
ompT_cleaned	llama3_ompT_binder_22_unrelaxed_rank_004_alphafold2_ptm_model_5_seed_000	1810.32	129	36	13	Success	2025-04-09 02:43:44
ompT_cleaned	llama3_ompT_binder_22_unrelaxed_rank_005_alphafold2_ptm_model_4_seed_000	15099.26	202	47	14	Success	2025-04-09 02:44:14
ompT_cleaned	llama3_ompT_binder_23_unrelaxed_rank_001_alphafold2_ptm_model_3_seed_000	2022.99	72	30	9	Success	2025-04-09 02:44:37
ompT_cleaned	llama3_ompT_binder_23_unrelaxed_rank_002_alphafold2_ptm_model_4_seed_000	2535.23	86	28	8	Success	2025-04-09 02:45:02
ompT_cleaned	llama3_ompT_binder_23_unrelaxed_rank_003_alphafold2_ptm_model_5_seed_000	2042.86	96	35	8	Success	2025-04-09 02:45:26
ompT_cleaned	llama3_ompT_binder_23_unrelaxed_rank_004_alphafold2_ptm_model_1_seed_000	889.63	60	29	7	Success	2025-04-09 02:45:50
ompT_cleaned	llama3_ompT_binder_23_unrelaxed_rank_005_alphafold2_ptm_model_2_seed_000	747.47	77	28	8	Success	2025-04-09 02:46:14
ompT_cleaned	llama3_ompT_binder_24_unrelaxed_rank_001_alphafold2_ptm_model_3_seed_000	46.60	37	18	7	Success	2025-04-09 02:46:37
ompT_cleaned	llama3_ompT_binder_24_unrelaxed_rank_002_alphafold2_ptm_model_4_seed_000	1627.86	86	31	8	Success	2025-04-09 02:47:01
ompT_cleaned	llama3_ompT_binder_24_unrelaxed_rank_003_alphafold2_ptm_model_1_seed_000	-17.19	36	18	7	Success	2025-04-09 02:47:27
ompT_cleaned	llama3_ompT_binder_24_unrelaxed_rank_004_alphafold2_ptm_model_5_seed_000	1290.96	76	25	8	Success	2025-04-09 02:47:50
ompT_cleaned	llama3_ompT_binder_24_unrelaxed_rank_005_alphafold2_ptm_model_2_seed_000	1566.73	54	27	8	Success	2025-04-09 02:48:16
ompT_cleaned	llama3_ompT_binder_25_unrelaxed_rank_001_alphafold2_ptm_model_3_seed_000	100.32	60	27	8	Success	2025-04-09 02:48:40
ompT_cleaned	llama3_ompT_binder_25_unrelaxed_rank_002_alphafold2_ptm_model_4_seed_000	614.81	73	28	8	Success	2025-04-09 02:49:04
ompT_cleaned	llama3_ompT_binder_25_unrelaxed_rank_003_alphafold2_ptm_model_5_seed_000	2413.44	80	32	8	Success	2025-04-09 02:49:28
ompT_cleaned	llama3_ompT_binder_25_unrelaxed_rank_004_alphafold2_ptm_model_1_seed_000	1820.31	69	27	8	Success	2025-04-09 02:49:52
ompT_cleaned	llama3_ompT_binder_25_unrelaxed_rank_005_alphafold2_ptm_model_2_seed_000	338.84	52	28	6	Success	2025-04-09 02:50:17
ompT_cleaned	llama3_ompT_binder_26_unrelaxed_rank_001_alphafold2_ptm_model_1_seed_000	331.14	65	22	9	Success	2025-04-09 02:50:42
ompT_cleaned	llama3_ompT_binder_26_unrelaxed_rank_002_alphafold2_ptm_model_5_seed_000	7193.51	144	37	11	Success	2025-04-09 02:51:07
ompT_cleaned	llama3_ompT_binder_26_unrelaxed_rank_003_alphafold2_ptm_model_4_seed_000	8058.42	146	36	11	Success	2025-04-09 02:51:33
ompT_cleaned	llama3_ompT_binder_26_unrelaxed_rank_004_alphafold2_ptm_model_3_seed_000	2545.02	117	31	10	Success	2025-04-09 02:51:58
ompT_cleaned	llama3_ompT_binder_26_unrelaxed_rank_005_alphafold2_ptm_model_2_seed_000	130.17	53	21	11	Success	2025-04-09 02:52:23
ompT_cleaned	llama3_ompT_binder_27_unrelaxed_rank_001_alphafold2_ptm_model_3_seed_000	503.00	87	27	10	Success	2025-04-09 02:52:48
ompT_cleaned	llama3_ompT_binder_27_unrelaxed_rank_002_alphafold2_ptm_model_4_seed_000	6575.91	126	37	10	Success	2025-04-09 02:53:12
ompT_cleaned	llama3_ompT_binder_27_unrelaxed_rank_003_alphafold2_ptm_model_5_seed_000	3256.65	98	33	10	Success	2025-04-09 02:53:36
ompT_cleaned	llama3_ompT_binder_27_unrelaxed_rank_004_alphafold2_ptm_model_1_seed_000	573.77	64	26	9	Success	2025-04-09 02:54:01
ompT_cleaned	llama3_ompT_binder_27_unrelaxed_rank_005_alphafold2_ptm_model_2_seed_000	637.52	86	28	9	Success	2025-04-09 02:54:25
ompT_cleaned	llama3_ompT_binder_28_unrelaxed_rank_001_alphafold2_ptm_model_3_seed_000	16328.01	187	51	13	Success	2025-04-09 02:54:52
ompT_cleaned	llama3_ompT_binder_28_unrelaxed_rank_002_alphafold2_ptm_model_5_seed_000	10069.36	177	44	13	Success	2025-04-09 02:55:19
ompT_cleaned	llama3_ompT_binder_28_unrelaxed_rank_003_alphafold2_ptm_model_4_seed_000	9358.20	156	45	12	Success	2025-04-09 02:55:46
ompT_cleaned	llama3_ompT_binder_28_unrelaxed_rank_004_alphafold2_ptm_model_1_seed_000	608.11	58	22	9	Success	2025-04-09 02:56:13
ompT_cleaned	llama3_ompT_binder_28_unrelaxed_rank_005_alphafold2_ptm_model_2_seed_000	-4.29	47	22	7	Success	2025-04-09 02:56:40
ompT_cleaned	llama3_ompT_binder_29_unrelaxed_rank_001_alphafold2_ptm_model_4_seed_000	1785.11	92	37	10	Success	2025-04-09 02:57:05
ompT_cleaned	llama3_ompT_binder_29_unrelaxed_rank_002_alphafold2_ptm_model_5_seed_000	7481.26	128	37	10	Success	2025-04-09 02:57:30
ompT_cleaned	llama3_ompT_binder_29_unrelaxed_rank_003_alphafold2_ptm_model_3_seed_000	1667.76	102	28	11	Success	2025-04-09 02:57:55
ompT_cleaned	llama3_ompT_binder_29_unrelaxed_rank_004_alphafold2_ptm_model_1_seed_000	1817.36	77	33	10	Success	2025-04-09 02:58:21
ompT_cleaned	llama3_ompT_binder_29_unrelaxed_rank_005_alphafold2_ptm_model_2_seed_000	2075.01	83	31	10	Success	2025-04-09 02:58:46
ompT_cleaned	llama3_ompT_binder_2_unrelaxed_rank_001_alphafold2_ptm_model_3_seed_000	4604.10	121	42	10	Success	2025-04-09 02:59:12
ompT_cleaned	llama3_ompT_binder_2_unrelaxed_rank_002_alphafold2_ptm_model_4_seed_000	11845.33	148	50	11	Success	2025-04-09 02:59:38
ompT_cleaned	llama3_ompT_binder_2_unrelaxed_rank_003_alphafold2_ptm_model_1_seed_000	4630.22	130	43	10	Success	2025-04-09 03:00:05
ompT_cleaned	llama3_ompT_binder_2_unrelaxed_rank_004_alphafold2_ptm_model_5_seed_000	1629.23	93	34	10	Success	2025-04-09 03:00:31
ompT_cleaned	llama3_ompT_binder_2_unrelaxed_rank_005_alphafold2_ptm_model_2_seed_000	3866.87	93	35	11	Success	2025-04-09 03:00:57
ompT_cleaned	llama3_ompT_binder_30_unrelaxed_rank_001_alphafold2_ptm_model_4_seed_000	870.27	88	34	8	Success	2025-04-09 03:01:22
ompT_cleaned	llama3_ompT_binder_30_unrelaxed_rank_002_alphafold2_ptm_model_5_seed_000	4773.31	106	36	10	Success	2025-04-09 03:01:46
ompT_cleaned	llama3_ompT_binder_30_unrelaxed_rank_003_alphafold2_ptm_model_3_seed_000	374.70	52	22	7	Success	2025-04-09 03:02:14
ompT_cleaned	llama3_ompT_binder_30_unrelaxed_rank_004_alphafold2_ptm_model_1_seed_000	1011.21	72	28	8	Success	2025-04-09 03:02:40
ompT_cleaned	llama3_ompT_binder_30_unrelaxed_rank_005_alphafold2_ptm_model_2_seed_000	282.68	53	28	6	Success	2025-04-09 03:03:06
ompT_cleaned	llama3_ompT_binder_31_unrelaxed_rank_001_alphafold2_ptm_model_3_seed_000	3066.68	93	34	9	Success	2025-04-09 03:03:30
ompT_cleaned	llama3_ompT_binder_31_unrelaxed_rank_002_alphafold2_ptm_model_4_seed_000	6283.57	123	39	10	Success	2025-04-09 03:03:54
ompT_cleaned	llama3_ompT_binder_31_unrelaxed_rank_003_alphafold2_ptm_model_1_seed_000	1823.49	67	27	9	Success	2025-04-09 03:04:19
ompT_cleaned	llama3_ompT_binder_31_unrelaxed_rank_004_alphafold2_ptm_model_5_seed_000	115.47	82	29	9	Success	2025-04-09 03:04:41
ompT_cleaned	llama3_ompT_binder_31_unrelaxed_rank_005_alphafold2_ptm_model_2_seed_000	270.42	54	23	9	Success	2025-04-09 03:05:06
ompT_cleaned	llama3_ompT_binder_32_unrelaxed_rank_001_alphafold2_ptm_model_3_seed_000	7154.33	117	42	12	Success	2025-04-09 03:05:35
ompT_cleaned	llama3_ompT_binder_32_unrelaxed_rank_002_alphafold2_ptm_model_1_seed_000	705.64	81	25	10	Success	2025-04-09 03:06:03
ompT_cleaned	llama3_ompT_binder_32_unrelaxed_rank_003_alphafold2_ptm_model_4_seed_000	3246.28	112	41	11	Success	2025-04-09 03:06:29
ompT_cleaned	llama3_ompT_binder_32_unrelaxed_rank_004_alphafold2_ptm_model_5_seed_000	27.42	52	21	10	Success	2025-04-09 03:06:56
ompT_cleaned	llama3_ompT_binder_32_unrelaxed_rank_005_alphafold2_ptm_model_2_seed_000	371.36	58	27	9	Success	2025-04-09 03:07:24
ompT_cleaned	llama3_ompT_binder_33_unrelaxed_rank_001_alphafold2_ptm_model_5_seed_000	20396.71	293	60	16	Success	2025-04-09 03:07:54
ompT_cleaned	llama3_ompT_binder_33_unrelaxed_rank_002_alphafold2_ptm_model_3_seed_000	8340.04	192	44	15	Success	2025-04-09 03:08:25
ompT_cleaned	llama3_ompT_binder_33_unrelaxed_rank_003_alphafold2_ptm_model_4_seed_000	11208.60	194	51	13	Success	2025-04-09 03:08:55
ompT_cleaned	llama3_ompT_binder_33_unrelaxed_rank_004_alphafold2_ptm_model_2_seed_000	5920.57	150	39	15	Success	2025-04-09 03:09:25
ompT_cleaned	llama3_ompT_binder_33_unrelaxed_rank_005_alphafold2_ptm_model_1_seed_000	10299.05	193	41	15	Success	2025-04-09 03:09:55
ompT_cleaned	llama3_ompT_binder_34_unrelaxed_rank_001_alphafold2_ptm_model_3_seed_000	-11.40	52	29	8	Success	2025-04-09 03:10:20
ompT_cleaned	llama3_ompT_binder_34_unrelaxed_rank_002_alphafold2_ptm_model_4_seed_000	1481.75	84	32	11	Success	2025-04-09 03:10:44
ompT_cleaned	llama3_ompT_binder_34_unrelaxed_rank_003_alphafold2_ptm_model_2_seed_000	137.34	34	17	7	Success	2025-04-09 03:11:08
ompT_cleaned	llama3_ompT_binder_34_unrelaxed_rank_004_alphafold2_ptm_model_1_seed_000	957.00	90	26	11	Success	2025-04-09 03:11:31
ompT_cleaned	llama3_ompT_binder_34_unrelaxed_rank_005_alphafold2_ptm_model_5_seed_000	4902.48	103	35	9	Success	2025-04-09 03:11:55
ompT_cleaned	llama3_ompT_binder_35_unrelaxed_rank_001_alphafold2_ptm_model_3_seed_000	1118.47	75	32	10	Success	2025-04-09 03:12:21
ompT_cleaned	llama3_ompT_binder_35_unrelaxed_rank_002_alphafold2_ptm_model_4_seed_000	733.74	91	29	10	Success	2025-04-09 03:12:46
ompT_cleaned	llama3_ompT_binder_35_unrelaxed_rank_003_alphafold2_ptm_model_5_seed_000	8693.08	155	44	12	Success	2025-04-09 03:13:12
ompT_cleaned	llama3_ompT_binder_35_unrelaxed_rank_004_alphafold2_ptm_model_1_seed_000	898.27	92	35	11	Success	2025-04-09 03:13:39
ompT_cleaned	llama3_ompT_binder_35_unrelaxed_rank_005_alphafold2_ptm_model_2_seed_000	523.25	82	30	10	Success	2025-04-09 03:14:05
ompT_cleaned	llama3_ompT_binder_36_unrelaxed_rank_001_alphafold2_ptm_model_5_seed_000	15672.21	208	49	14	Success	2025-04-09 03:14:32
ompT_cleaned	llama3_ompT_binder_36_unrelaxed_rank_002_alphafold2_ptm_model_3_seed_000	16410.70	216	47	14	Success	2025-04-09 03:15:00
ompT_cleaned	llama3_ompT_binder_36_unrelaxed_rank_003_alphafold2_ptm_model_4_seed_000	12629.14	177	53	11	Success	2025-04-09 03:15:28
ompT_cleaned	llama3_ompT_binder_36_unrelaxed_rank_004_alphafold2_ptm_model_1_seed_000	9449.52	179	61	10	Success	2025-04-09 03:15:55
ompT_cleaned	llama3_ompT_binder_36_unrelaxed_rank_005_alphafold2_ptm_model_2_seed_000	652.35	85	35	10	Success	2025-04-09 03:16:23
ompT_cleaned	llama3_ompT_binder_37_unrelaxed_rank_001_alphafold2_ptm_model_3_seed_000	33.85	52	22	9	Success	2025-04-09 03:16:51
ompT_cleaned	llama3_ompT_binder_37_unrelaxed_rank_002_alphafold2_ptm_model_5_seed_000	12834.07	189	57	12	Success	2025-04-09 03:17:19
ompT_cleaned	llama3_ompT_binder_37_unrelaxed_rank_003_alphafold2_ptm_model_1_seed_000	109.97	85	30	11	Success	2025-04-09 03:17:46
ompT_cleaned	llama3_ompT_binder_37_unrelaxed_rank_004_alphafold2_ptm_model_2_seed_000	1470.79	64	26	9	Success	2025-04-09 03:18:14
ompT_cleaned	llama3_ompT_binder_37_unrelaxed_rank_005_alphafold2_ptm_model_4_seed_000	12840.40	173	50	12	Success	2025-04-09 03:18:42
ompT_cleaned	llama3_ompT_binder_38_unrelaxed_rank_001_alphafold2_ptm_model_3_seed_000	1206.10	79	29	10	Success	2025-04-09 03:19:08
ompT_cleaned	llama3_ompT_binder_38_unrelaxed_rank_002_alphafold2_ptm_model_4_seed_000	7822.47	151	46	10	Success	2025-04-09 03:19:36
ompT_cleaned	llama3_ompT_binder_38_unrelaxed_rank_003_alphafold2_ptm_model_1_seed_000	3263.23	110	36	10	Success	2025-04-09 03:20:03
ompT_cleaned	llama3_ompT_binder_38_unrelaxed_rank_004_alphafold2_ptm_model_5_seed_000	9832.54	146	43	11	Success	2025-04-09 03:20:30
ompT_cleaned	llama3_ompT_binder_38_unrelaxed_rank_005_alphafold2_ptm_model_2_seed_000	59.81	67	28	10	Success	2025-04-09 03:20:57
ompT_cleaned	llama3_ompT_binder_39_unrelaxed_rank_001_alphafold2_ptm_model_5_seed_000	7232.05	133	34	11	Success	2025-04-09 03:21:24
ompT_cleaned	llama3_ompT_binder_39_unrelaxed_rank_002_alphafold2_ptm_model_3_seed_000	1075.99	83	25	11	Success	2025-04-09 03:21:51
ompT_cleaned	llama3_ompT_binder_39_unrelaxed_rank_003_alphafold2_ptm_model_4_seed_000	10634.62	158	39	11	Success	2025-04-09 03:22:19
ompT_cleaned	llama3_ompT_binder_39_unrelaxed_rank_004_alphafold2_ptm_model_1_seed_000	1587.70	95	34	11	Success	2025-04-09 03:22:46
ompT_cleaned	llama3_ompT_binder_39_unrelaxed_rank_005_alphafold2_ptm_model_2_seed_000	304.81	62	24	11	Success	2025-04-09 03:23:15
ompT_cleaned	llama3_ompT_binder_3_unrelaxed_rank_001_alphafold2_ptm_model_5_seed_000	2074.54	93	34	8	Success	2025-04-09 03:23:39
ompT_cleaned	llama3_ompT_binder_3_unrelaxed_rank_002_alphafold2_ptm_model_3_seed_000	141.09	55	24	8	Success	2025-04-09 03:24:03
ompT_cleaned	llama3_ompT_binder_3_unrelaxed_rank_003_alphafold2_ptm_model_4_seed_000	1722.13	81	27	9	Success	2025-04-09 03:24:27
ompT_cleaned	llama3_ompT_binder_3_unrelaxed_rank_004_alphafold2_ptm_model_1_seed_000	335.48	55	25	7	Success	2025-04-09 03:24:51
ompT_cleaned	llama3_ompT_binder_3_unrelaxed_rank_005_alphafold2_ptm_model_2_seed_000	-10.00	49	21	8	Success	2025-04-09 03:25:14
ompT_cleaned	llama3_ompT_binder_40_unrelaxed_rank_001_alphafold2_ptm_model_3_seed_000	2561.45	93	35	9	Success	2025-04-09 03:25:39
ompT_cleaned	llama3_ompT_binder_40_unrelaxed_rank_002_alphafold2_ptm_model_4_seed_000	4234.07	92	34	9	Success	2025-04-09 03:26:03
ompT_cleaned	llama3_ompT_binder_40_unrelaxed_rank_003_alphafold2_ptm_model_5_seed_000	4401.66	101	41	9	Success	2025-04-09 03:26:27
ompT_cleaned	llama3_ompT_binder_40_unrelaxed_rank_004_alphafold2_ptm_model_1_seed_000	3007.54	77	32	8	Success	2025-04-09 03:26:51
ompT_cleaned	llama3_ompT_binder_40_unrelaxed_rank_005_alphafold2_ptm_model_2_seed_000	180.28	57	25	9	Success	2025-04-09 03:27:15
ompT_cleaned	llama3_ompT_binder_41_unrelaxed_rank_001_alphafold2_ptm_model_4_seed_000	328.01	64	30	7	Success	2025-04-09 03:27:39
ompT_cleaned	llama3_ompT_binder_41_unrelaxed_rank_002_alphafold2_ptm_model_3_seed_000	282.84	75	32	8	Success	2025-04-09 03:28:03
ompT_cleaned	llama3_ompT_binder_41_unrelaxed_rank_003_alphafold2_ptm_model_5_seed_000	2046.43	70	29	8	Success	2025-04-09 03:28:26
ompT_cleaned	llama3_ompT_binder_41_unrelaxed_rank_004_alphafold2_ptm_model_1_seed_000	3694.32	91	37	8	Success	2025-04-09 03:28:50
ompT_cleaned	llama3_ompT_binder_41_unrelaxed_rank_005_alphafold2_ptm_model_2_seed_000	1639.86	73	33	8	Success	2025-04-09 03:29:13
ompT_cleaned	llama3_ompT_binder_42_unrelaxed_rank_001_alphafold2_ptm_model_4_seed_000	6748.57	114	35	10	Success	2025-04-09 03:29:38
ompT_cleaned	llama3_ompT_binder_42_unrelaxed_rank_002_alphafold2_ptm_model_2_seed_000	2980.70	98	34	10	Success	2025-04-09 03:30:03
ompT_cleaned	llama3_ompT_binder_42_unrelaxed_rank_003_alphafold2_ptm_model_3_seed_000	1484.72	97	32	11	Success	2025-04-09 03:30:29
ompT_cleaned	llama3_ompT_binder_42_unrelaxed_rank_004_alphafold2_ptm_model_1_seed_000	1938.70	85	29	10	Success	2025-04-09 03:30:55
ompT_cleaned	llama3_ompT_binder_42_unrelaxed_rank_005_alphafold2_ptm_model_5_seed_000	9818.66	163	46	11	Success	2025-04-09 03:31:20
ompT_cleaned	llama3_ompT_binder_43_unrelaxed_rank_001_alphafold2_ptm_model_4_seed_000	2548.81	88	33	10	Success	2025-04-09 03:31:44
ompT_cleaned	llama3_ompT_binder_43_unrelaxed_rank_002_alphafold2_ptm_model_5_seed_000	5129.79	120	35	11	Success	2025-04-09 03:32:09
ompT_cleaned	llama3_ompT_binder_43_unrelaxed_rank_003_alphafold2_ptm_model_3_seed_000	102.37	78	26	10	Success	2025-04-09 03:32:34
ompT_cleaned	llama3_ompT_binder_43_unrelaxed_rank_004_alphafold2_ptm_model_1_seed_000	424.58	85	25	10	Success	2025-04-09 03:32:58
ompT_cleaned	llama3_ompT_binder_43_unrelaxed_rank_005_alphafold2_ptm_model_2_seed_000	8.45	44	16	8	Success	2025-04-09 03:33:22
ompT_cleaned	llama3_ompT_binder_44_unrelaxed_rank_001_alphafold2_ptm_model_5_seed_000	9295.92	140	47	10	Success	2025-04-09 03:33:48
ompT_cleaned	llama3_ompT_binder_44_unrelaxed_rank_002_alphafold2_ptm_model_3_seed_000	762.74	90	32	9	Success	2025-04-09 03:34:14
ompT_cleaned	llama3_ompT_binder_44_unrelaxed_rank_003_alphafold2_ptm_model_4_seed_000	2794.29	107	34	9	Success	2025-04-09 03:34:39
ompT_cleaned	llama3_ompT_binder_44_unrelaxed_rank_004_alphafold2_ptm_model_1_seed_000	1254.71	81	35	9	Success	2025-04-09 03:35:04
ompT_cleaned	llama3_ompT_binder_44_unrelaxed_rank_005_alphafold2_ptm_model_2_seed_000	1655.96	85	34	9	Success	2025-04-09 03:35:30
ompT_cleaned	llama3_ompT_binder_45_unrelaxed_rank_001_alphafold2_ptm_model_3_seed_000	852.84	70	28	11	Success	2025-04-09 03:35:56
ompT_cleaned	llama3_ompT_binder_45_unrelaxed_rank_002_alphafold2_ptm_model_4_seed_000	9389.43	132	42	11	Success	2025-04-09 03:36:22
ompT_cleaned	llama3_ompT_binder_45_unrelaxed_rank_003_alphafold2_ptm_model_5_seed_000	15884.72	170	52	11	Success	2025-04-09 03:36:48
ompT_cleaned	llama3_ompT_binder_45_unrelaxed_rank_004_alphafold2_ptm_model_1_seed_000	2910.68	101	36	11	Success	2025-04-09 03:37:15
ompT_cleaned	llama3_ompT_binder_45_unrelaxed_rank_005_alphafold2_ptm_model_2_seed_000	2003.30	75	30	10	Success	2025-04-09 03:37:41
ompT_cleaned	llama3_ompT_binder_46_unrelaxed_rank_001_alphafold2_ptm_model_4_seed_000	16895.40	235	60	16	Success	2025-04-09 03:38:13
ompT_cleaned	llama3_ompT_binder_46_unrelaxed_rank_002_alphafold2_ptm_model_3_seed_000	10725.83	212	53	17	Success	2025-04-09 03:38:45
ompT_cleaned	llama3_ompT_binder_46_unrelaxed_rank_003_alphafold2_ptm_model_2_seed_000	4214.05	146	41	15	Success	2025-04-09 03:39:17
ompT_cleaned	llama3_ompT_binder_46_unrelaxed_rank_004_alphafold2_ptm_model_5_seed_000	22403.57	291	67	16	Success	2025-04-09 03:39:49
ompT_cleaned	llama3_ompT_binder_46_unrelaxed_rank_005_alphafold2_ptm_model_1_seed_000	16093.36	197	48	14	Success	2025-04-09 03:40:21
ompT_cleaned	llama3_ompT_binder_47_unrelaxed_rank_001_alphafold2_ptm_model_1_seed_000	9325.05	146	47	10	Success	2025-04-09 03:40:46
ompT_cleaned	llama3_ompT_binder_47_unrelaxed_rank_002_alphafold2_ptm_model_4_seed_000	8993.73	112	37	8	Success	2025-04-09 03:41:11
ompT_cleaned	llama3_ompT_binder_47_unrelaxed_rank_003_alphafold2_ptm_model_2_seed_000	1747.94	64	29	10	Success	2025-04-09 03:41:37
ompT_cleaned	llama3_ompT_binder_47_unrelaxed_rank_004_alphafold2_ptm_model_5_seed_000	18619.51	176	54	9	Success	2025-04-09 03:42:02
ompT_cleaned	llama3_ompT_binder_47_unrelaxed_rank_005_alphafold2_ptm_model_3_seed_000	5813.54	102	36	9	Success	2025-04-09 03:42:28
ompT_cleaned	llama3_ompT_binder_48_unrelaxed_rank_001_alphafold2_ptm_model_4_seed_000	2739.21	106	35	12	Success	2025-04-09 03:42:55
ompT_cleaned	llama3_ompT_binder_48_unrelaxed_rank_002_alphafold2_ptm_model_3_seed_000	5410.50	154	48	12	Success	2025-04-09 03:43:22
ompT_cleaned	llama3_ompT_binder_48_unrelaxed_rank_003_alphafold2_ptm_model_5_seed_000	117.14	74	26	13	Success	2025-04-09 03:43:49
ompT_cleaned	llama3_ompT_binder_48_unrelaxed_rank_004_alphafold2_ptm_model_1_seed_000	1338.09	82	28	13	Success	2025-04-09 03:44:16
ompT_cleaned	llama3_ompT_binder_48_unrelaxed_rank_005_alphafold2_ptm_model_2_seed_000	1149.34	88	32	12	Success	2025-04-09 03:44:43
ompT_cleaned	llama3_ompT_binder_49_unrelaxed_rank_001_alphafold2_ptm_model_3_seed_000	-13.16	55	17	12	Success	2025-04-09 03:45:08
ompT_cleaned	llama3_ompT_binder_49_unrelaxed_rank_002_alphafold2_ptm_model_4_seed_000	12564.84	143	56	8	Success	2025-04-09 03:45:33
ompT_cleaned	llama3_ompT_binder_49_unrelaxed_rank_003_alphafold2_ptm_model_2_seed_000	1545.09	81	32	8	Success	2025-04-09 03:45:57
ompT_cleaned	llama3_ompT_binder_49_unrelaxed_rank_004_alphafold2_ptm_model_5_seed_000	9759.64	131	50	10	Success	2025-04-09 03:46:23
ompT_cleaned	llama3_ompT_binder_49_unrelaxed_rank_005_alphafold2_ptm_model_1_seed_000	-13.36	73	31	11	Success	2025-04-09 03:46:48
ompT_cleaned	llama3_ompT_binder_4_unrelaxed_rank_001_alphafold2_ptm_model_5_seed_000	1804.70	82	33	9	Success	2025-04-09 03:47:11
ompT_cleaned	llama3_ompT_binder_4_unrelaxed_rank_002_alphafold2_ptm_model_4_seed_000	541.37	81	31	7	Success	2025-04-09 03:47:34
ompT_cleaned	llama3_ompT_binder_4_unrelaxed_rank_003_alphafold2_ptm_model_1_seed_000	2222.66	70	28	8	Success	2025-04-09 03:47:57
ompT_cleaned	llama3_ompT_binder_4_unrelaxed_rank_004_alphafold2_ptm_model_3_seed_000	1067.02	61	28	6	Success	2025-04-09 03:48:20
ompT_cleaned	llama3_ompT_binder_4_unrelaxed_rank_005_alphafold2_ptm_model_2_seed_000	702.03	65	29	7	Success	2025-04-09 03:48:42
ompT_cleaned	llama3_ompT_binder_50_unrelaxed_rank_001_alphafold2_ptm_model_4_seed_000	23427.11	294	61	16	Success	2025-04-09 03:49:14
ompT_cleaned	llama3_ompT_binder_50_unrelaxed_rank_002_alphafold2_ptm_model_2_seed_000	1863.81	135	38	16	Success	2025-04-09 03:49:44
ompT_cleaned	llama3_ompT_binder_50_unrelaxed_rank_003_alphafold2_ptm_model_5_seed_000	19803.92	254	58	15	Success	2025-04-09 03:50:14
ompT_cleaned	llama3_ompT_binder_50_unrelaxed_rank_004_alphafold2_ptm_model_1_seed_000	3825.27	130	36	14	Success	2025-04-09 03:50:44
ompT_cleaned	llama3_ompT_binder_50_unrelaxed_rank_005_alphafold2_ptm_model_3_seed_000	8249.60	194	54	16	Success	2025-04-09 03:51:14
ompT_cleaned	llama3_ompT_binder_51_unrelaxed_rank_001_alphafold2_ptm_model_3_seed_000	1048.86	59	25	9	Success	2025-04-09 03:51:39
ompT_cleaned	llama3_ompT_binder_51_unrelaxed_rank_002_alphafold2_ptm_model_4_seed_000	1817.89	92	36	10	Success	2025-04-09 03:52:02
ompT_cleaned	llama3_ompT_binder_51_unrelaxed_rank_003_alphafold2_ptm_model_5_seed_000	1899.68	73	31	9	Success	2025-04-09 03:52:26
ompT_cleaned	llama3_ompT_binder_51_unrelaxed_rank_004_alphafold2_ptm_model_1_seed_000	4395.21	88	38	9	Success	2025-04-09 03:52:50
ompT_cleaned	llama3_ompT_binder_51_unrelaxed_rank_005_alphafold2_ptm_model_2_seed_000	1922.06	76	36	8	Success	2025-04-09 03:53:13
ompT_cleaned	llama3_ompT_binder_52_unrelaxed_rank_001_alphafold2_ptm_model_4_seed_000	4431.13	122	38	11	Success	2025-04-09 03:53:40
ompT_cleaned	llama3_ompT_binder_52_unrelaxed_rank_002_alphafold2_ptm_model_3_seed_000	12058.02	140	45	9	Success	2025-04-09 03:54:07
ompT_cleaned	llama3_ompT_binder_52_unrelaxed_rank_003_alphafold2_ptm_model_2_seed_000	109.72	49	22	10	Success	2025-04-09 03:54:33
ompT_cleaned	llama3_ompT_binder_52_unrelaxed_rank_004_alphafold2_ptm_model_1_seed_000	1590.03	94	33	13	Success	2025-04-09 03:55:00
ompT_cleaned	llama3_ompT_binder_52_unrelaxed_rank_005_alphafold2_ptm_model_5_seed_000	5165.40	111	42	9	Success	2025-04-09 03:55:26
ompT_cleaned	llama3_ompT_binder_53_unrelaxed_rank_001_alphafold2_ptm_model_3_seed_000	708.03	82	33	11	Success	2025-04-09 03:55:54
ompT_cleaned	llama3_ompT_binder_53_unrelaxed_rank_002_alphafold2_ptm_model_4_seed_000	2109.43	116	39	12	Success	2025-04-09 03:56:21
ompT_cleaned	llama3_ompT_binder_53_unrelaxed_rank_003_alphafold2_ptm_model_5_seed_000	6050.28	127	42	12	Success	2025-04-09 03:56:48
ompT_cleaned	llama3_ompT_binder_53_unrelaxed_rank_004_alphafold2_ptm_model_1_seed_000	579.00	96	33	12	Success	2025-04-09 03:57:16
ompT_cleaned	llama3_ompT_binder_53_unrelaxed_rank_005_alphafold2_ptm_model_2_seed_000	355.03	72	30	10	Success	2025-04-09 03:57:43
ompT_cleaned	llama3_ompT_binder_54_unrelaxed_rank_001_alphafold2_ptm_model_5_seed_000	8339.90	152	41	12	Success	2025-04-09 03:58:08
ompT_cleaned	llama3_ompT_binder_54_unrelaxed_rank_002_alphafold2_ptm_model_3_seed_000	223.98	75	26	11	Success	2025-04-09 03:58:33
ompT_cleaned	llama3_ompT_binder_54_unrelaxed_rank_003_alphafold2_ptm_model_1_seed_000	4524.41	114	37	11	Success	2025-04-09 03:58:58
ompT_cleaned	llama3_ompT_binder_54_unrelaxed_rank_004_alphafold2_ptm_model_4_seed_000	6463.42	139	37	11	Success	2025-04-09 03:59:23
ompT_cleaned	llama3_ompT_binder_54_unrelaxed_rank_005_alphafold2_ptm_model_2_seed_000	1458.29	87	29	10	Success	2025-04-09 03:59:48
ompT_cleaned	llama3_ompT_binder_55_unrelaxed_rank_001_alphafold2_ptm_model_3_seed_000	4853.38	113	32	11	Success	2025-04-09 04:00:13
ompT_cleaned	llama3_ompT_binder_55_unrelaxed_rank_002_alphafold2_ptm_model_5_seed_000	8100.32	137	36	10	Success	2025-04-09 04:00:38
ompT_cleaned	llama3_ompT_binder_55_unrelaxed_rank_003_alphafold2_ptm_model_1_seed_000	705.51	75	28	11	Success	2025-04-09 04:01:03
ompT_cleaned	llama3_ompT_binder_55_unrelaxed_rank_004_alphafold2_ptm_model_4_seed_000	4612.34	127	37	10	Success	2025-04-09 04:01:28
ompT_cleaned	llama3_ompT_binder_55_unrelaxed_rank_005_alphafold2_ptm_model_2_seed_000	6507.95	137	37	10	Success	2025-04-09 04:01:54
ompT_cleaned	llama3_ompT_binder_56_unrelaxed_rank_001_alphafold2_ptm_model_3_seed_000	5513.24	119	42	9	Success	2025-04-09 04:02:18
ompT_cleaned	llama3_ompT_binder_56_unrelaxed_rank_002_alphafold2_ptm_model_4_seed_000	4895.31	106	39	9	Success	2025-04-09 04:02:43
ompT_cleaned	llama3_ompT_binder_56_unrelaxed_rank_003_alphafold2_ptm_model_5_seed_000	7691.41	113	42	9	Success	2025-04-09 04:03:08
ompT_cleaned	llama3_ompT_binder_56_unrelaxed_rank_004_alphafold2_ptm_model_1_seed_000	598.26	63	34	6	Success	2025-04-09 04:03:32
ompT_cleaned	llama3_ompT_binder_56_unrelaxed_rank_005_alphafold2_ptm_model_2_seed_000	4175.96	82	36	8	Success	2025-04-09 04:03:56
ompT_cleaned	llama3_ompT_binder_57_unrelaxed_rank_001_alphafold2_ptm_model_3_seed_000	230.42	59	26	8	Success	2025-04-09 04:04:20
ompT_cleaned	llama3_ompT_binder_57_unrelaxed_rank_002_alphafold2_ptm_model_5_seed_000	2534.92	114	37	9	Success	2025-04-09 04:04:45
ompT_cleaned	llama3_ompT_binder_57_unrelaxed_rank_003_alphafold2_ptm_model_4_seed_000	5794.81	118	40	9	Success	2025-04-09 04:05:10
ompT_cleaned	llama3_ompT_binder_57_unrelaxed_rank_004_alphafold2_ptm_model_1_seed_000	723.18	59	24	9	Success	2025-04-09 04:05:35
ompT_cleaned	llama3_ompT_binder_57_unrelaxed_rank_005_alphafold2_ptm_model_2_seed_000	515.49	62	28	9	Success	2025-04-09 04:06:00
ompT_cleaned	llama3_ompT_binder_58_unrelaxed_rank_001_alphafold2_ptm_model_4_seed_000	3341.89	131	41	12	Success	2025-04-09 04:06:28
ompT_cleaned	llama3_ompT_binder_58_unrelaxed_rank_002_alphafold2_ptm_model_1_seed_000	3138.43	108	35	11	Success	2025-04-09 04:06:57
ompT_cleaned	llama3_ompT_binder_58_unrelaxed_rank_003_alphafold2_ptm_model_3_seed_000	17002.93	198	54	13	Success	2025-04-09 04:07:24
ompT_cleaned	llama3_ompT_binder_58_unrelaxed_rank_004_alphafold2_ptm_model_5_seed_000	13464.05	179	44	12	Success	2025-04-09 04:07:52
ompT_cleaned	llama3_ompT_binder_58_unrelaxed_rank_005_alphafold2_ptm_model_2_seed_000	1251.01	68	29	9	Success	2025-04-09 04:08:21
ompT_cleaned	llama3_ompT_binder_59_unrelaxed_rank_001_alphafold2_ptm_model_3_seed_000	554.21	56	22	9	Success	2025-04-09 04:08:45
ompT_cleaned	llama3_ompT_binder_59_unrelaxed_rank_002_alphafold2_ptm_model_5_seed_000	1331.41	62	25	8	Success	2025-04-09 04:09:10
ompT_cleaned	llama3_ompT_binder_59_unrelaxed_rank_003_alphafold2_ptm_model_4_seed_000	5932.66	93	39	9	Success	2025-04-09 04:09:34
ompT_cleaned	llama3_ompT_binder_59_unrelaxed_rank_004_alphafold2_ptm_model_1_seed_000	1262.66	71	32	9	Success	2025-04-09 04:09:58
ompT_cleaned	llama3_ompT_binder_59_unrelaxed_rank_005_alphafold2_ptm_model_2_seed_000	170.72	53	30	7	Success	2025-04-09 04:10:22
ompT_cleaned	llama3_ompT_binder_5_unrelaxed_rank_001_alphafold2_ptm_model_5_seed_000	5477.75	103	37	9	Success	2025-04-09 04:10:46
ompT_cleaned	llama3_ompT_binder_5_unrelaxed_rank_002_alphafold2_ptm_model_4_seed_000	84.33	67	28	8	Success	2025-04-09 04:11:09
ompT_cleaned	llama3_ompT_binder_5_unrelaxed_rank_003_alphafold2_ptm_model_1_seed_000	90.69	71	28	8	Success	2025-04-09 04:11:33
ompT_cleaned	llama3_ompT_binder_5_unrelaxed_rank_004_alphafold2_ptm_model_3_seed_000	-8.76	50	24	9	Success	2025-04-09 04:11:57
ompT_cleaned	llama3_ompT_binder_5_unrelaxed_rank_005_alphafold2_ptm_model_2_seed_000	2346.51	81	32	9	Success	2025-04-09 04:12:21
ompT_cleaned	llama3_ompT_binder_60_unrelaxed_rank_001_alphafold2_ptm_model_3_seed_000	2391.98	89	38	10	Success	2025-04-09 04:12:45
ompT_cleaned	llama3_ompT_binder_60_unrelaxed_rank_002_alphafold2_ptm_model_4_seed_000	1718.79	83	32	9	Success	2025-04-09 04:13:09
ompT_cleaned	llama3_ompT_binder_60_unrelaxed_rank_003_alphafold2_ptm_model_1_seed_000	-15.37	33	15	6	Success	2025-04-09 04:13:34
ompT_cleaned	llama3_ompT_binder_60_unrelaxed_rank_004_alphafold2_ptm_model_5_seed_000	1331.21	90	31	9	Success	2025-04-09 04:13:58
ompT_cleaned	llama3_ompT_binder_60_unrelaxed_rank_005_alphafold2_ptm_model_2_seed_000	5187.98	96	41	9	Success	2025-04-09 04:14:22
ompT_cleaned	llama3_ompT_binder_61_unrelaxed_rank_001_alphafold2_ptm_model_3_seed_000	21581.41	245	58	15	Success	2025-04-09 04:14:54
ompT_cleaned	llama3_ompT_binder_61_unrelaxed_rank_002_alphafold2_ptm_model_5_seed_000	19734.63	255	58	15	Success	2025-04-09 04:15:25
ompT_cleaned	llama3_ompT_binder_61_unrelaxed_rank_003_alphafold2_ptm_model_4_seed_000	16752.27	239	57	15	Success	2025-04-09 04:15:57
ompT_cleaned	llama3_ompT_binder_61_unrelaxed_rank_004_alphafold2_ptm_model_1_seed_000	10206.68	154	39	14	Success	2025-04-09 04:16:29
ompT_cleaned	llama3_ompT_binder_61_unrelaxed_rank_005_alphafold2_ptm_model_2_seed_000	8134.23	194	49	15	Success	2025-04-09 04:17:00
ompT_cleaned	llama3_ompT_binder_62_unrelaxed_rank_001_alphafold2_ptm_model_3_seed_000	-12.69	55	22	10	Success	2025-04-09 04:17:25
ompT_cleaned	llama3_ompT_binder_62_unrelaxed_rank_002_alphafold2_ptm_model_4_seed_000	5910.21	147	44	10	Success	2025-04-09 04:17:50
ompT_cleaned	llama3_ompT_binder_62_unrelaxed_rank_003_alphafold2_ptm_model_1_seed_000	2093.36	78	34	9	Success	2025-04-09 04:18:15
ompT_cleaned	llama3_ompT_binder_62_unrelaxed_rank_004_alphafold2_ptm_model_5_seed_000	7339.36	137	49	8	Success	2025-04-09 04:18:41
ompT_cleaned	llama3_ompT_binder_62_unrelaxed_rank_005_alphafold2_ptm_model_2_seed_000	13767.38	169	57	9	Success	2025-04-09 04:19:08
ompT_cleaned	llama3_ompT_binder_63_unrelaxed_rank_001_alphafold2_ptm_model_4_seed_000	1021.78	80	31	9	Success	2025-04-09 04:19:35
ompT_cleaned	llama3_ompT_binder_63_unrelaxed_rank_002_alphafold2_ptm_model_3_seed_000	1844.82	81	31	8	Success	2025-04-09 04:20:00
ompT_cleaned	llama3_ompT_binder_63_unrelaxed_rank_003_alphafold2_ptm_model_5_seed_000	9291.38	138	45	9	Success	2025-04-09 04:20:25
ompT_cleaned	llama3_ompT_binder_63_unrelaxed_rank_004_alphafold2_ptm_model_1_seed_000	402.36	62	27	12	Success	2025-04-09 04:20:52
ompT_cleaned	llama3_ompT_binder_63_unrelaxed_rank_005_alphafold2_ptm_model_2_seed_000	-12.46	46	21	9	Success	2025-04-09 04:21:18
ompT_cleaned	llama3_ompT_binder_64_unrelaxed_rank_001_alphafold2_ptm_model_1_seed_000	12907.86	167	44	13	Success	2025-04-09 04:21:46
ompT_cleaned	llama3_ompT_binder_64_unrelaxed_rank_002_alphafold2_ptm_model_3_seed_000	7365.90	147	40	13	Success	2025-04-09 04:22:14
ompT_cleaned	llama3_ompT_binder_64_unrelaxed_rank_003_alphafold2_ptm_model_4_seed_000	12895.76	178	49	13	Success	2025-04-09 04:22:42
ompT_cleaned	llama3_ompT_binder_64_unrelaxed_rank_004_alphafold2_ptm_model_5_seed_000	24354.51	301	74	13	Success	2025-04-09 04:23:11
ompT_cleaned	llama3_ompT_binder_64_unrelaxed_rank_005_alphafold2_ptm_model_2_seed_000	1010.56	98	34	12	Success	2025-04-09 04:23:39
ompT_cleaned	llama3_ompT_binder_65_unrelaxed_rank_001_alphafold2_ptm_model_5_seed_000	2947.89	76	27	8	Success	2025-04-09 04:24:03
ompT_cleaned	llama3_ompT_binder_65_unrelaxed_rank_002_alphafold2_ptm_model_3_seed_000	2464.75	74	28	9	Success	2025-04-09 04:24:26
ompT_cleaned	llama3_ompT_binder_65_unrelaxed_rank_003_alphafold2_ptm_model_4_seed_000	886.26	65	25	8	Success	2025-04-09 04:24:48
ompT_cleaned	llama3_ompT_binder_65_unrelaxed_rank_004_alphafold2_ptm_model_1_seed_000	2924.75	76	31	9	Success	2025-04-09 04:25:12
ompT_cleaned	llama3_ompT_binder_65_unrelaxed_rank_005_alphafold2_ptm_model_2_seed_000	-8.36	32	19	6	Success	2025-04-09 04:25:35
ompT_cleaned	llama3_ompT_binder_66_unrelaxed_rank_001_alphafold2_ptm_model_3_seed_000	1230.79	112	33	14	Success	2025-04-09 04:26:01
ompT_cleaned	llama3_ompT_binder_66_unrelaxed_rank_002_alphafold2_ptm_model_2_seed_000	-14.77	37	13	10	Success	2025-04-09 04:26:28
ompT_cleaned	llama3_ompT_binder_66_unrelaxed_rank_003_alphafold2_ptm_model_5_seed_000	1856.80	95	27	11	Success	2025-04-09 04:26:55
ompT_cleaned	llama3_ompT_binder_66_unrelaxed_rank_004_alphafold2_ptm_model_4_seed_000	4971.30	159	40	14	Success	2025-04-09 04:27:22
ompT_cleaned	llama3_ompT_binder_66_unrelaxed_rank_005_alphafold2_ptm_model_1_seed_000	12720.55	178	60	10	Success	2025-04-09 04:27:48
ompT_cleaned	llama3_ompT_binder_67_unrelaxed_rank_001_alphafold2_ptm_model_5_seed_000	9197.33	139	43	11	Success	2025-04-09 04:28:15
ompT_cleaned	llama3_ompT_binder_67_unrelaxed_rank_002_alphafold2_ptm_model_4_seed_000	12897.88	166	49	11	Success	2025-04-09 04:28:41
ompT_cleaned	llama3_ompT_binder_67_unrelaxed_rank_003_alphafold2_ptm_model_1_seed_000	7451.85	128	43	11	Success	2025-04-09 04:29:07
ompT_cleaned	llama3_ompT_binder_67_unrelaxed_rank_004_alphafold2_ptm_model_3_seed_000	1377.33	80	33	10	Success	2025-04-09 04:29:33
ompT_cleaned	llama3_ompT_binder_67_unrelaxed_rank_005_alphafold2_ptm_model_2_seed_000	778.76	80	30	10	Success	2025-04-09 04:29:58
ompT_cleaned	llama3_ompT_binder_68_unrelaxed_rank_001_alphafold2_ptm_model_5_seed_000	12777.77	182	44	13	Success	2025-04-09 04:30:25
ompT_cleaned	llama3_ompT_binder_68_unrelaxed_rank_002_alphafold2_ptm_model_4_seed_000	6264.83	160	40	13	Success	2025-04-09 04:30:53
ompT_cleaned	llama3_ompT_binder_68_unrelaxed_rank_003_alphafold2_ptm_model_3_seed_000	3002.32	114	35	12	Success	2025-04-09 04:31:21
ompT_cleaned	llama3_ompT_binder_68_unrelaxed_rank_004_alphafold2_ptm_model_1_seed_000	9169.42	162	41	12	Success	2025-04-09 04:31:48
ompT_cleaned	llama3_ompT_binder_68_unrelaxed_rank_005_alphafold2_ptm_model_2_seed_000	3990.25	99	32	11	Success	2025-04-09 04:32:16
ompT_cleaned	llama3_ompT_binder_69_unrelaxed_rank_001_alphafold2_ptm_model_3_seed_000	8990.24	152	39	12	Success	2025-04-09 04:32:43
ompT_cleaned	llama3_ompT_binder_69_unrelaxed_rank_002_alphafold2_ptm_model_1_seed_000	2916.98	122	33	13	Success	2025-04-09 04:33:09
ompT_cleaned	llama3_ompT_binder_69_unrelaxed_rank_003_alphafold2_ptm_model_5_seed_000	12588.23	191	47	13	Success	2025-04-09 04:33:36
ompT_cleaned	llama3_ompT_binder_69_unrelaxed_rank_004_alphafold2_ptm_model_4_seed_000	10470.92	176	48	12	Success	2025-04-09 04:34:03
ompT_cleaned	llama3_ompT_binder_69_unrelaxed_rank_005_alphafold2_ptm_model_2_seed_000	-2.55	71	25	14	Success	2025-04-09 04:34:30
ompT_cleaned	llama3_ompT_binder_6_unrelaxed_rank_001_alphafold2_ptm_model_5_seed_000	4455.15	125	30	10	Success	2025-04-09 04:34:55
ompT_cleaned	llama3_ompT_binder_6_unrelaxed_rank_002_alphafold2_ptm_model_2_seed_000	436.53	63	21	11	Success	2025-04-09 04:35:21
ompT_cleaned	llama3_ompT_binder_6_unrelaxed_rank_003_alphafold2_ptm_model_1_seed_000	1669.16	97	28	11	Success	2025-04-09 04:35:46
ompT_cleaned	llama3_ompT_binder_6_unrelaxed_rank_004_alphafold2_ptm_model_4_seed_000	12186.41	176	47	11	Success	2025-04-09 04:36:11
ompT_cleaned	llama3_ompT_binder_6_unrelaxed_rank_005_alphafold2_ptm_model_3_seed_000	56.20	54	26	10	Success	2025-04-09 04:36:37
ompT_cleaned	llama3_ompT_binder_70_unrelaxed_rank_001_alphafold2_ptm_model_3_seed_000	7102.21	132	33	14	Success	2025-04-09 04:37:06
ompT_cleaned	llama3_ompT_binder_70_unrelaxed_rank_002_alphafold2_ptm_model_1_seed_000	12286.01	171	44	14	Success	2025-04-09 04:37:35
ompT_cleaned	llama3_ompT_binder_70_unrelaxed_rank_003_alphafold2_ptm_model_4_seed_000	22757.93	232	56	14	Success	2025-04-09 04:38:05
ompT_cleaned	llama3_ompT_binder_70_unrelaxed_rank_004_alphafold2_ptm_model_5_seed_000	14474.69	230	50	16	Success	2025-04-09 04:38:34
ompT_cleaned	llama3_ompT_binder_70_unrelaxed_rank_005_alphafold2_ptm_model_2_seed_000	3008.86	103	34	13	Success	2025-04-09 04:39:03
ompT_cleaned	llama3_ompT_binder_71_unrelaxed_rank_001_alphafold2_ptm_model_3_seed_000	1875.32	62	28	7	Success	2025-04-09 04:39:27
ompT_cleaned	llama3_ompT_binder_71_unrelaxed_rank_002_alphafold2_ptm_model_4_seed_000	3324.26	86	35	8	Success	2025-04-09 04:39:50
ompT_cleaned	llama3_ompT_binder_71_unrelaxed_rank_003_alphafold2_ptm_model_1_seed_000	1708.80	61	28	8	Success	2025-04-09 04:40:14
ompT_cleaned	llama3_ompT_binder_71_unrelaxed_rank_004_alphafold2_ptm_model_5_seed_000	982.08	72	29	8	Success	2025-04-09 04:40:38
ompT_cleaned	llama3_ompT_binder_71_unrelaxed_rank_005_alphafold2_ptm_model_2_seed_000	468.04	46	27	5	Success	2025-04-09 04:41:01
ompT_cleaned	llama3_ompT_binder_72_unrelaxed_rank_001_alphafold2_ptm_model_4_seed_000	21185.86	220	58	14	Success	2025-04-09 04:41:33
ompT_cleaned	llama3_ompT_binder_72_unrelaxed_rank_002_alphafold2_ptm_model_3_seed_000	18341.84	210	56	13	Success	2025-04-09 04:42:04
ompT_cleaned	llama3_ompT_binder_72_unrelaxed_rank_003_alphafold2_ptm_model_1_seed_000	10290.22	157	52	14	Success	2025-04-09 04:42:35
ompT_cleaned	llama3_ompT_binder_72_unrelaxed_rank_004_alphafold2_ptm_model_5_seed_000	7450.79	141	36	15	Success	2025-04-09 04:43:06
ompT_cleaned	llama3_ompT_binder_72_unrelaxed_rank_005_alphafold2_ptm_model_2_seed_000	1052.62	80	29	13	Success	2025-04-09 04:43:38
ompT_cleaned	llama3_ompT_binder_73_unrelaxed_rank_001_alphafold2_ptm_model_5_seed_000	15394.86	202	53	13	Success	2025-04-09 04:44:06
ompT_cleaned	llama3_ompT_binder_73_unrelaxed_rank_002_alphafold2_ptm_model_3_seed_000	4989.06	143	45	12	Success	2025-04-09 04:44:34
ompT_cleaned	llama3_ompT_binder_73_unrelaxed_rank_003_alphafold2_ptm_model_4_seed_000	12564.58	182	50	13	Success	2025-04-09 04:45:02
ompT_cleaned	llama3_ompT_binder_73_unrelaxed_rank_004_alphafold2_ptm_model_1_seed_000	3495.54	119	32	13	Success	2025-04-09 04:45:30
ompT_cleaned	llama3_ompT_binder_73_unrelaxed_rank_005_alphafold2_ptm_model_2_seed_000	1136.67	72	30	9	Success	2025-04-09 04:45:57
ompT_cleaned	llama3_ompT_binder_74_unrelaxed_rank_001_alphafold2_ptm_model_4_seed_000	3445.02	82	32	9	Success	2025-04-09 04:46:22
ompT_cleaned	llama3_ompT_binder_74_unrelaxed_rank_002_alphafold2_ptm_model_3_seed_000	349.51	50	22	8	Success	2025-04-09 04:46:47
ompT_cleaned	llama3_ompT_binder_74_unrelaxed_rank_003_alphafold2_ptm_model_1_seed_000	-17.41	50	18	9	Success	2025-04-09 04:47:11
ompT_cleaned	llama3_ompT_binder_74_unrelaxed_rank_004_alphafold2_ptm_model_5_seed_000	12513.86	124	45	10	Success	2025-04-09 04:47:36
ompT_cleaned	llama3_ompT_binder_74_unrelaxed_rank_005_alphafold2_ptm_model_2_seed_000	-14.64	38	19	7	Success	2025-04-09 04:48:00
ompT_cleaned	llama3_ompT_binder_75_unrelaxed_rank_001_alphafold2_ptm_model_3_seed_000	90.10	80	24	11	Success	2025-04-09 04:48:26
ompT_cleaned	llama3_ompT_binder_75_unrelaxed_rank_002_alphafold2_ptm_model_5_seed_000	6917.21	153	46	10	Success	2025-04-09 04:48:53
ompT_cleaned	llama3_ompT_binder_75_unrelaxed_rank_003_alphafold2_ptm_model_4_seed_000	3461.97	119	34	10	Success	2025-04-09 04:49:21
ompT_cleaned	llama3_ompT_binder_75_unrelaxed_rank_004_alphafold2_ptm_model_1_seed_000	2285.06	71	26	10	Success	2025-04-09 04:49:46
ompT_cleaned	llama3_ompT_binder_75_unrelaxed_rank_005_alphafold2_ptm_model_2_seed_000	1451.75	72	29	10	Success	2025-04-09 04:50:12
ompT_cleaned	llama3_ompT_binder_76_unrelaxed_rank_001_alphafold2_ptm_model_5_seed_000	6283.05	114	30	13	Success	2025-04-09 04:50:41
ompT_cleaned	llama3_ompT_binder_76_unrelaxed_rank_002_alphafold2_ptm_model_4_seed_000	3747.62	111	34	12	Success	2025-04-09 04:51:09
ompT_cleaned	llama3_ompT_binder_76_unrelaxed_rank_003_alphafold2_ptm_model_3_seed_000	988.54	81	27	11	Success	2025-04-09 04:51:37
ompT_cleaned	llama3_ompT_binder_76_unrelaxed_rank_004_alphafold2_ptm_model_2_seed_000	3014.31	115	35	13	Success	2025-04-09 04:52:07
ompT_cleaned	llama3_ompT_binder_76_unrelaxed_rank_005_alphafold2_ptm_model_1_seed_000	497.50	87	28	12	Success	2025-04-09 04:52:35
ompT_cleaned	llama3_ompT_binder_77_unrelaxed_rank_001_alphafold2_ptm_model_3_seed_000	11708.66	180	49	15	Success	2025-04-09 04:53:08
ompT_cleaned	llama3_ompT_binder_77_unrelaxed_rank_002_alphafold2_ptm_model_4_seed_000	22697.10	243	57	13	Success	2025-04-09 04:53:39
ompT_cleaned	llama3_ompT_binder_77_unrelaxed_rank_003_alphafold2_ptm_model_5_seed_000	28912.59	293	75	14	Success	2025-04-09 04:54:12
ompT_cleaned	llama3_ompT_binder_77_unrelaxed_rank_004_alphafold2_ptm_model_1_seed_000	9882.26	167	47	14	Success	2025-04-09 04:54:43
ompT_cleaned	llama3_ompT_binder_77_unrelaxed_rank_005_alphafold2_ptm_model_2_seed_000	2570.48	90	36	13	Success	2025-04-09 04:55:15
ompT_cleaned	llama3_ompT_binder_78_unrelaxed_rank_001_alphafold2_ptm_model_5_seed_000	8565.26	149	42	12	Success	2025-04-09 04:55:43
ompT_cleaned	llama3_ompT_binder_78_unrelaxed_rank_002_alphafold2_ptm_model_4_seed_000	13000.74	190	52	13	Success	2025-04-09 04:56:11
ompT_cleaned	llama3_ompT_binder_78_unrelaxed_rank_003_alphafold2_ptm_model_3_seed_000	3338.88	109	34	11	Success	2025-04-09 04:56:40
ompT_cleaned	llama3_ompT_binder_78_unrelaxed_rank_004_alphafold2_ptm_model_1_seed_000	6040.16	148	45	12	Success	2025-04-09 04:57:08
ompT_cleaned	llama3_ompT_binder_78_unrelaxed_rank_005_alphafold2_ptm_model_2_seed_000	4415.98	82	33	11	Success	2025-04-09 04:57:34
ompT_cleaned	llama3_ompT_binder_79_unrelaxed_rank_001_alphafold2_ptm_model_3_seed_000	1137.24	89	26	12	Success	2025-04-09 04:58:00
ompT_cleaned	llama3_ompT_binder_79_unrelaxed_rank_002_alphafold2_ptm_model_4_seed_000	353.96	74	28	9	Success	2025-04-09 04:58:25
ompT_cleaned	llama3_ompT_binder_79_unrelaxed_rank_003_alphafold2_ptm_model_5_seed_000	6390.62	141	41	12	Success	2025-04-09 04:58:51
ompT_cleaned	llama3_ompT_binder_79_unrelaxed_rank_004_alphafold2_ptm_model_1_seed_000	5690.45	119	40	12	Success	2025-04-09 04:59:17
ompT_cleaned	llama3_ompT_binder_79_unrelaxed_rank_005_alphafold2_ptm_model_2_seed_000	-14.00	41	18	7	Success	2025-04-09 04:59:43
ompT_cleaned	llama3_ompT_binder_7_unrelaxed_rank_001_alphafold2_ptm_model_3_seed_000	3620.95	83	30	8	Success	2025-04-09 05:00:06
ompT_cleaned	llama3_ompT_binder_7_unrelaxed_rank_002_alphafold2_ptm_model_5_seed_000	3190.92	85	28	9	Success	2025-04-09 05:00:29
ompT_cleaned	llama3_ompT_binder_7_unrelaxed_rank_003_alphafold2_ptm_model_4_seed_000	34.58	65	26	9	Success	2025-04-09 05:00:53
ompT_cleaned	llama3_ompT_binder_7_unrelaxed_rank_004_alphafold2_ptm_model_1_seed_000	-14.65	41	15	9	Success	2025-04-09 05:01:16
ompT_cleaned	llama3_ompT_binder_7_unrelaxed_rank_005_alphafold2_ptm_model_2_seed_000	56.61	48	22	7	Success	2025-04-09 05:01:39
ompT_cleaned	llama3_ompT_binder_80_unrelaxed_rank_001_alphafold2_ptm_model_3_seed_000	228.75	56	25	9	Success	2025-04-09 05:02:03
ompT_cleaned	llama3_ompT_binder_80_unrelaxed_rank_002_alphafold2_ptm_model_4_seed_000	2115.84	88	35	9	Success	2025-04-09 05:02:26
ompT_cleaned	llama3_ompT_binder_80_unrelaxed_rank_003_alphafold2_ptm_model_5_seed_000	8253.30	132	46	9	Success	2025-04-09 05:02:51
ompT_cleaned	llama3_ompT_binder_80_unrelaxed_rank_004_alphafold2_ptm_model_1_seed_000	1251.90	79	30	9	Success	2025-04-09 05:03:16
ompT_cleaned	llama3_ompT_binder_80_unrelaxed_rank_005_alphafold2_ptm_model_2_seed_000	1553.52	75	33	8	Success	2025-04-09 05:03:42
ompT_cleaned	llama3_ompT_binder_81_unrelaxed_rank_001_alphafold2_ptm_model_5_seed_000	13746.98	209	49	14	Success	2025-04-09 05:04:12
ompT_cleaned	llama3_ompT_binder_81_unrelaxed_rank_002_alphafold2_ptm_model_3_seed_000	6036.25	128	43	11	Success	2025-04-09 05:04:41
ompT_cleaned	llama3_ompT_binder_81_unrelaxed_rank_003_alphafold2_ptm_model_4_seed_000	4675.80	137	37	13	Success	2025-04-09 05:05:11
ompT_cleaned	llama3_ompT_binder_81_unrelaxed_rank_004_alphafold2_ptm_model_1_seed_000	4158.29	140	35	13	Success	2025-04-09 05:05:42
ompT_cleaned	llama3_ompT_binder_81_unrelaxed_rank_005_alphafold2_ptm_model_2_seed_000	8375.51	161	45	12	Success	2025-04-09 05:06:12
ompT_cleaned	llama3_ompT_binder_82_unrelaxed_rank_001_alphafold2_ptm_model_3_seed_000	2456.52	99	36	11	Success	2025-04-09 05:06:40
ompT_cleaned	llama3_ompT_binder_82_unrelaxed_rank_002_alphafold2_ptm_model_5_seed_000	7177.66	131	41	11	Success	2025-04-09 05:07:08
ompT_cleaned	llama3_ompT_binder_82_unrelaxed_rank_003_alphafold2_ptm_model_4_seed_000	6211.63	133	45	10	Success	2025-04-09 05:07:36
ompT_cleaned	llama3_ompT_binder_82_unrelaxed_rank_004_alphafold2_ptm_model_1_seed_000	3268.78	103	36	11	Success	2025-04-09 05:08:04
ompT_cleaned	llama3_ompT_binder_82_unrelaxed_rank_005_alphafold2_ptm_model_2_seed_000	363.22	55	24	10	Success	2025-04-09 05:08:31
ompT_cleaned	llama3_ompT_binder_83_unrelaxed_rank_001_alphafold2_ptm_model_3_seed_000	135.72	51	23	10	Success	2025-04-09 05:08:57
ompT_cleaned	llama3_ompT_binder_83_unrelaxed_rank_002_alphafold2_ptm_model_5_seed_000	244.94	75	29	9	Success	2025-04-09 05:09:22
ompT_cleaned	llama3_ompT_binder_83_unrelaxed_rank_003_alphafold2_ptm_model_4_seed_000	2020.61	64	27	9	Success	2025-04-09 05:09:52
ompT_cleaned	llama3_ompT_binder_83_unrelaxed_rank_004_alphafold2_ptm_model_1_seed_000	4778.73	106	39	10	Success	2025-04-09 05:10:17
ompT_cleaned	llama3_ompT_binder_83_unrelaxed_rank_005_alphafold2_ptm_model_2_seed_000	3919.60	113	44	11	Success	2025-04-09 05:10:43
ompT_cleaned	llama3_ompT_binder_84_unrelaxed_rank_001_alphafold2_ptm_model_3_seed_000	770.85	50	25	7	Success	2025-04-09 05:11:08
ompT_cleaned	llama3_ompT_binder_84_unrelaxed_rank_002_alphafold2_ptm_model_4_seed_000	4331.80	82	33	8	Success	2025-04-09 05:11:32
ompT_cleaned	llama3_ompT_binder_84_unrelaxed_rank_003_alphafold2_ptm_model_5_seed_000	1402.18	73	29	9	Success	2025-04-09 05:11:57
ompT_cleaned	llama3_ompT_binder_84_unrelaxed_rank_004_alphafold2_ptm_model_1_seed_000	-19.90	59	28	8	Success	2025-04-09 05:12:21
ompT_cleaned	llama3_ompT_binder_84_unrelaxed_rank_005_alphafold2_ptm_model_2_seed_000	-13.12	35	23	6	Success	2025-04-09 05:12:45
ompT_cleaned	llama3_ompT_binder_85_unrelaxed_rank_001_alphafold2_ptm_model_5_seed_000	5911.52	133	38	10	Success	2025-04-09 05:13:11
ompT_cleaned	llama3_ompT_binder_85_unrelaxed_rank_002_alphafold2_ptm_model_3_seed_000	677.69	78	26	13	Success	2025-04-09 05:13:37
ompT_cleaned	llama3_ompT_binder_85_unrelaxed_rank_003_alphafold2_ptm_model_4_seed_000	6033.81	131	45	10	Success	2025-04-09 05:14:04
ompT_cleaned	llama3_ompT_binder_85_unrelaxed_rank_004_alphafold2_ptm_model_1_seed_000	142.34	79	26	11	Success	2025-04-09 05:14:29
ompT_cleaned	llama3_ompT_binder_85_unrelaxed_rank_005_alphafold2_ptm_model_2_seed_000	11.69	38	18	9	Success	2025-04-09 05:14:55
ompT_cleaned	llama3_ompT_binder_86_unrelaxed_rank_001_alphafold2_ptm_model_3_seed_000	910.78	91	29	11	Success	2025-04-09 05:15:21
ompT_cleaned	llama3_ompT_binder_86_unrelaxed_rank_002_alphafold2_ptm_model_5_seed_000	10316.90	168	45	11	Success	2025-04-09 05:15:49
ompT_cleaned	llama3_ompT_binder_86_unrelaxed_rank_003_alphafold2_ptm_model_4_seed_000	8140.89	169	45	12	Success	2025-04-09 05:16:16
ompT_cleaned	llama3_ompT_binder_86_unrelaxed_rank_004_alphafold2_ptm_model_1_seed_000	5945.05	119	33	11	Success	2025-04-09 05:16:43
ompT_cleaned	llama3_ompT_binder_86_unrelaxed_rank_005_alphafold2_ptm_model_2_seed_000	371.24	97	32	12	Success	2025-04-09 05:17:09
ompT_cleaned	llama3_ompT_binder_87_unrelaxed_rank_001_alphafold2_ptm_model_4_seed_000	2717.30	124	36	11	Success	2025-04-09 05:17:35
ompT_cleaned	llama3_ompT_binder_87_unrelaxed_rank_002_alphafold2_ptm_model_5_seed_000	3469.37	128	37	11	Success	2025-04-09 05:18:00
ompT_cleaned	llama3_ompT_binder_87_unrelaxed_rank_003_alphafold2_ptm_model_3_seed_000	1677.90	82	29	10	Success	2025-04-09 05:18:25
ompT_cleaned	llama3_ompT_binder_87_unrelaxed_rank_004_alphafold2_ptm_model_1_seed_000	652.50	90	29	10	Success	2025-04-09 05:18:52
ompT_cleaned	llama3_ompT_binder_87_unrelaxed_rank_005_alphafold2_ptm_model_2_seed_000	1437.62	96	30	10	Success	2025-04-09 05:19:18
ompT_cleaned	llama3_ompT_binder_88_unrelaxed_rank_001_alphafold2_ptm_model_3_seed_000	14775.20	194	46	16	Success	2025-04-09 05:19:50
ompT_cleaned	llama3_ompT_binder_88_unrelaxed_rank_002_alphafold2_ptm_model_4_seed_000	8498.10	169	52	15	Success	2025-04-09 05:20:22
ompT_cleaned	llama3_ompT_binder_88_unrelaxed_rank_003_alphafold2_ptm_model_5_seed_000	31704.49	309	63	17	Success	2025-04-09 05:20:54
ompT_cleaned	llama3_ompT_binder_88_unrelaxed_rank_004_alphafold2_ptm_model_1_seed_000	7712.49	180	46	14	Success	2025-04-09 05:21:26
ompT_cleaned	llama3_ompT_binder_88_unrelaxed_rank_005_alphafold2_ptm_model_2_seed_000	4052.21	123	38	16	Success	2025-04-09 05:21:59
ompT_cleaned	llama3_ompT_binder_89_unrelaxed_rank_001_alphafold2_ptm_model_5_seed_000	17121.98	196	44	14	Success	2025-04-09 05:22:28
ompT_cleaned	llama3_ompT_binder_89_unrelaxed_rank_002_alphafold2_ptm_model_3_seed_000	17804.40	210	49	14	Success	2025-04-09 05:22:56
ompT_cleaned	llama3_ompT_binder_89_unrelaxed_rank_003_alphafold2_ptm_model_4_seed_000	3574.24	124	39	11	Success	2025-04-09 05:23:24
ompT_cleaned	llama3_ompT_binder_89_unrelaxed_rank_004_alphafold2_ptm_model_2_seed_000	11900.71	188	46	13	Success	2025-04-09 05:23:53
ompT_cleaned	llama3_ompT_binder_89_unrelaxed_rank_005_alphafold2_ptm_model_1_seed_000	-16.30	45	18	9	Success	2025-04-09 05:24:21
ompT_cleaned	llama3_ompT_binder_8_unrelaxed_rank_001_alphafold2_ptm_model_4_seed_000	2828.30	77	29	9	Success	2025-04-09 05:24:46
ompT_cleaned	llama3_ompT_binder_8_unrelaxed_rank_002_alphafold2_ptm_model_3_seed_000	757.41	60	24	8	Success	2025-04-09 05:25:10
ompT_cleaned	llama3_ompT_binder_8_unrelaxed_rank_003_alphafold2_ptm_model_1_seed_000	1697.71	63	23	9	Success	2025-04-09 05:25:34
ompT_cleaned	llama3_ompT_binder_8_unrelaxed_rank_004_alphafold2_ptm_model_5_seed_000	947.72	84	28	8	Success	2025-04-09 05:25:58
ompT_cleaned	llama3_ompT_binder_8_unrelaxed_rank_005_alphafold2_ptm_model_2_seed_000	-10.54	36	17	6	Success	2025-04-09 05:26:22
ompT_cleaned	llama3_ompT_binder_90_unrelaxed_rank_001_alphafold2_ptm_model_4_seed_000	6788.05	107	42	10	Success	2025-04-09 05:26:47
ompT_cleaned	llama3_ompT_binder_90_unrelaxed_rank_002_alphafold2_ptm_model_1_seed_000	1548.63	66	29	9	Success	2025-04-09 05:27:13
ompT_cleaned	llama3_ompT_binder_90_unrelaxed_rank_003_alphafold2_ptm_model_3_seed_000	32.44	49	23	8	Success	2025-04-09 05:27:38
ompT_cleaned	llama3_ompT_binder_90_unrelaxed_rank_004_alphafold2_ptm_model_5_seed_000	8532.09	126	43	9	Success	2025-04-09 05:28:03
ompT_cleaned	llama3_ompT_binder_90_unrelaxed_rank_005_alphafold2_ptm_model_2_seed_000	3887.54	96	39	10	Success	2025-04-09 05:28:28
ompT_cleaned	llama3_ompT_binder_91_unrelaxed_rank_001_alphafold2_ptm_model_4_seed_000	12044.90	155	51	9	Success	2025-04-09 05:28:56
ompT_cleaned	llama3_ompT_binder_91_unrelaxed_rank_002_alphafold2_ptm_model_3_seed_000	2473.19	112	35	13	Success	2025-04-09 05:29:23
ompT_cleaned	llama3_ompT_binder_91_unrelaxed_rank_003_alphafold2_ptm_model_5_seed_000	15979.07	160	52	10	Success	2025-04-09 05:29:51
ompT_cleaned	llama3_ompT_binder_91_unrelaxed_rank_004_alphafold2_ptm_model_1_seed_000	1838.63	84	31	13	Success	2025-04-09 05:30:19
ompT_cleaned	llama3_ompT_binder_91_unrelaxed_rank_005_alphafold2_ptm_model_2_seed_000	3871.35	120	37	11	Success	2025-04-09 05:30:46
ompT_cleaned	llama3_ompT_binder_92_unrelaxed_rank_001_alphafold2_ptm_model_4_seed_000	8138.44	148	41	10	Success	2025-04-09 05:31:13
ompT_cleaned	llama3_ompT_binder_92_unrelaxed_rank_002_alphafold2_ptm_model_3_seed_000	575.00	56	22	10	Success	2025-04-09 05:31:39
ompT_cleaned	llama3_ompT_binder_92_unrelaxed_rank_003_alphafold2_ptm_model_5_seed_000	5053.56	118	37	10	Success	2025-04-09 05:32:09
ompT_cleaned	llama3_ompT_binder_92_unrelaxed_rank_004_alphafold2_ptm_model_1_seed_000	1084.71	76	26	11	Success	2025-04-09 05:32:35
ompT_cleaned	llama3_ompT_binder_92_unrelaxed_rank_005_alphafold2_ptm_model_2_seed_000	1730.68	76	35	9	Success	2025-04-09 05:33:01
ompT_cleaned	llama3_ompT_binder_93_unrelaxed_rank_001_alphafold2_ptm_model_4_seed_000	7559.19	129	46	11	Success	2025-04-09 05:33:33
ompT_cleaned	llama3_ompT_binder_93_unrelaxed_rank_002_alphafold2_ptm_model_3_seed_000	1661.32	82	33	10	Success	2025-04-09 05:33:59
ompT_cleaned	llama3_ompT_binder_93_unrelaxed_rank_003_alphafold2_ptm_model_1_seed_000	2607.85	109	35	10	Success	2025-04-09 05:34:24
ompT_cleaned	llama3_ompT_binder_93_unrelaxed_rank_004_alphafold2_ptm_model_5_seed_000	8522.95	142	43	11	Success	2025-04-09 05:34:50
ompT_cleaned	llama3_ompT_binder_93_unrelaxed_rank_005_alphafold2_ptm_model_2_seed_000	28.71	45	23	9	Success	2025-04-09 05:35:16
ompT_cleaned	llama3_ompT_binder_94_unrelaxed_rank_001_alphafold2_ptm_model_3_seed_000	-14.55	43	16	8	Success	2025-04-09 05:35:41
ompT_cleaned	llama3_ompT_binder_94_unrelaxed_rank_002_alphafold2_ptm_model_5_seed_000	3984.09	105	37	9	Success	2025-04-09 05:36:07
ompT_cleaned	llama3_ompT_binder_94_unrelaxed_rank_003_alphafold2_ptm_model_4_seed_000	1119.57	99	34	9	Success	2025-04-09 05:36:32
ompT_cleaned	llama3_ompT_binder_94_unrelaxed_rank_004_alphafold2_ptm_model_2_seed_000	-13.45	41	18	8	Success	2025-04-09 05:36:57
ompT_cleaned	llama3_ompT_binder_94_unrelaxed_rank_005_alphafold2_ptm_model_1_seed_000	2073.11	77	29	9	Success	2025-04-09 05:37:23
ompT_cleaned	llama3_ompT_binder_95_unrelaxed_rank_001_alphafold2_ptm_model_3_seed_000	5141.54	123	33	11	Success	2025-04-09 05:37:51
ompT_cleaned	llama3_ompT_binder_95_unrelaxed_rank_002_alphafold2_ptm_model_4_seed_000	7008.71	147	49	11	Success	2025-04-09 05:38:18
ompT_cleaned	llama3_ompT_binder_95_unrelaxed_rank_003_alphafold2_ptm_model_1_seed_000	3164.95	93	34	10	Success	2025-04-09 05:38:46
ompT_cleaned	llama3_ompT_binder_95_unrelaxed_rank_004_alphafold2_ptm_model_5_seed_000	12803.40	173	48	12	Success	2025-04-09 05:39:14
ompT_cleaned	llama3_ompT_binder_95_unrelaxed_rank_005_alphafold2_ptm_model_2_seed_000	69.48	63	25	9	Success	2025-04-09 05:39:42
ompT_cleaned	llama3_ompT_binder_96_unrelaxed_rank_001_alphafold2_ptm_model_3_seed_000	7682.21	141	45	12	Success	2025-04-09 05:40:13
ompT_cleaned	llama3_ompT_binder_96_unrelaxed_rank_002_alphafold2_ptm_model_5_seed_000	13471.70	217	58	13	Success	2025-04-09 05:40:43
ompT_cleaned	llama3_ompT_binder_96_unrelaxed_rank_003_alphafold2_ptm_model_4_seed_000	3086.11	92	35	10	Success	2025-04-09 05:41:13
ompT_cleaned	llama3_ompT_binder_96_unrelaxed_rank_004_alphafold2_ptm_model_1_seed_000	8938.09	173	50	12	Success	2025-04-09 05:41:41
ompT_cleaned	llama3_ompT_binder_96_unrelaxed_rank_005_alphafold2_ptm_model_2_seed_000	1830.81	90	31	13	Success	2025-04-09 05:42:11
ompT_cleaned	llama3_ompT_binder_97_unrelaxed_rank_001_alphafold2_ptm_model_3_seed_000	957.44	73	27	12	Success	2025-04-09 05:42:41
ompT_cleaned	llama3_ompT_binder_97_unrelaxed_rank_002_alphafold2_ptm_model_5_seed_000	23015.16	256	57	15	Success	2025-04-09 05:43:12
ompT_cleaned	llama3_ompT_binder_97_unrelaxed_rank_003_alphafold2_ptm_model_4_seed_000	5328.34	136	37	13	Success	2025-04-09 05:43:44
ompT_cleaned	llama3_ompT_binder_97_unrelaxed_rank_004_alphafold2_ptm_model_1_seed_000	5842.38	163	44	15	Success	2025-04-09 05:44:15
ompT_cleaned	llama3_ompT_binder_97_unrelaxed_rank_005_alphafold2_ptm_model_2_seed_000	1403.13	114	41	14	Success	2025-04-09 05:44:46
ompT_cleaned	llama3_ompT_binder_98_unrelaxed_rank_001_alphafold2_ptm_model_3_seed_000	14739.57	205	54	15	Success	2025-04-09 05:45:18
ompT_cleaned	llama3_ompT_binder_98_unrelaxed_rank_002_alphafold2_ptm_model_5_seed_000	28351.27	341	80	15	Success	2025-04-09 05:45:50
ompT_cleaned	llama3_ompT_binder_98_unrelaxed_rank_003_alphafold2_ptm_model_4_seed_000	16249.01	221	56	13	Success	2025-04-09 05:46:23
ompT_cleaned	llama3_ompT_binder_98_unrelaxed_rank_004_alphafold2_ptm_model_2_seed_000	1160.37	92	32	14	Success	2025-04-09 05:46:54
ompT_cleaned	llama3_ompT_binder_98_unrelaxed_rank_005_alphafold2_ptm_model_1_seed_000	4627.32	140	46	15	Success	2025-04-09 05:47:27
ompT_cleaned	llama3_ompT_binder_99_unrelaxed_rank_001_alphafold2_ptm_model_5_seed_000	19844.34	264	60	14	Success	2025-04-09 05:47:57
ompT_cleaned	llama3_ompT_binder_99_unrelaxed_rank_002_alphafold2_ptm_model_3_seed_000	6924.57	140	44	13	Success	2025-04-09 05:48:27
ompT_cleaned	llama3_ompT_binder_99_unrelaxed_rank_003_alphafold2_ptm_model_4_seed_000	15936.41	203	60	12	Success	2025-04-09 05:48:57
ompT_cleaned	llama3_ompT_binder_99_unrelaxed_rank_004_alphafold2_ptm_model_1_seed_000	2060.66	107	35	12	Success	2025-04-09 05:49:27
ompT_cleaned	llama3_ompT_binder_99_unrelaxed_rank_005_alphafold2_ptm_model_2_seed_000	8275.42	137	46	13	Success	2025-04-09 05:49:59
ompT_cleaned	llama3_ompT_binder_9_unrelaxed_rank_001_alphafold2_ptm_model_3_seed_000	7908.89	106	37	9	Success	2025-04-09 05:50:24
ompT_cleaned	llama3_ompT_binder_9_unrelaxed_rank_002_alphafold2_ptm_model_4_seed_000	221.17	58	20	10	Success	2025-04-09 05:50:50
ompT_cleaned	llama3_ompT_binder_9_unrelaxed_rank_003_alphafold2_ptm_model_5_seed_000	1340.68	84	34	10	Success	2025-04-09 05:51:15
ompT_cleaned	llama3_ompT_binder_9_unrelaxed_rank_004_alphafold2_ptm_model_1_seed_000	4456.34	83	37	9	Success	2025-04-09 05:51:40
ompT_cleaned	llama3_ompT_binder_9_unrelaxed_rank_005_alphafold2_ptm_model_2_seed_000	415.81	39	21	7	Success	2025-04-09 05:52:05
